{
  "Author": "Aida Enna (Original version by Caraxi)",
  "Name": "Macro Chain Redux",
  "InternalName": "MacroChainRedux",
  "AssemblyVersion": "2.1.1.2",
  "Description": "Allows for a macro to continue onto the next macro by using '/nextmacro' on the last line of a macro.\nAdding '/nextmacro' on the last line of Macro #01 will automatically execute Macro #02\nAdding '/nextmacro down' on the last line of Macro #01 will automatically execute Macro #11\nAlso allows executing any macro from chat using '/runmacro'\nYou can repeat a macro by using /runmacro inside the macro followed by the number of the macro you're editing\nUsing '/macrocancel' will stop the currently running macro",
  "ApplicableVersion": "any",
  "RepoUrl": "https://github.com/Aida-Enna/XIVPlugins/MacroChainRedux",
  "Tags": [
    "macro",
    "chain",
    "redux",
    "aida"
  ],
  "DalamudApiLevel": 11,
  "LoadRequiredState": 0,
  "LoadSync": false,
  "CanUnloadAsync": false,
  "LoadPriority": 0,
  "IconUrl": "https://raw.githubusercontent.com/Aida-Enna/XIVPlugins/main/Plogon/Resources/Icons/MacroChainRedux.png",
  "Punchline": "Run multiple macros one after the other (or repeat them).",
  "AcceptsFeedback": true
}