{
  "Author": "Aida Enna",
  "Name": "Portrait Fixer",
  "InternalName": "PortraitFixer",
  "AssemblyVersion": "1.0.0.0",
  "Description": "When you click \"Update Gear Set\", this plugin will automatically update and save your portait to match your new glam.\n\nThis plugin is in testing and will have one more issues, laid out below:\n\n- Rarely, a glitched desynth window will pop up when saving the gearset instead of it saving the portait. This is being investigated, closing the window and swapping classes seems to fix it.\n\nPlease report issues/bugs on the Github website by clicking the globe icon.",
  "ApplicableVersion": "any",
  "RepoUrl": "https://github.com/Aida-Enna/XIVPlugins",
  "Tags": [
    "portrait",
    "aida"
  ],
  "DalamudApiLevel": 10,
  "LoadRequiredState": 0,
  "LoadSync": false,
  "CanUnloadAsync": false,
  "LoadPriority": 0,
  "IconUrl": "https://raw.githubusercontent.com/Aida-Enna/XIVPlugins/main/Plogon/Resources/Icons/PortaitFixer.png",
  "Punchline": "Automatically update your portait when your gearset gets updated",
  "AcceptsFeedback": true
}