{
  "Author": "Aida Enna",
  "Name": "Potato Famine 2",
  "InternalName": "PotatoFamine2",
  "AssemblyVersion": "2.0.0.1",
  "Description": "Changes lalafells (or everyone) into another race of your choosing.",
  "ApplicableVersion": "any",
  "RepoUrl": "https://github.com/Aida-Enna/XIVPlugins",
  "Tags": [
    "lala",
    "lalafell",
    "potato",
    "famine",
    "aida"
  ],
  "DalamudApiLevel": 8,
  "LoadRequiredState": 0,
  "LoadSync": false,
  "LoadPriority": 0,
  "IconUrl": "https://raw.githubusercontent.com/Aida-Enna/XIVPlugins/main/PotatoFamine2/Resources/Icons/PotatoFamine2.png",
  "Punchline": "Square, please give us miqote sandboxes and au ra heating lamps. We will pay real money.",
  "AcceptsFeedback": true
}