{
  "Disabled": true,
  "Testing": false,
  "ScheduledForDeletion": false,
  "InstalledFromUrl": "",
  "IsThirdParty": false,
  "EffectiveVersion": "2.0.0.0",
  "IsAvailableForTesting": false,
  "Author": "Aida Enna",
  "Name": "Potato Famine 2",
  "Punchline": "Square, please give us miqote sandboxes and au ra heating lamps. We will pay real money.",
  "Description": "Changes lalafells (or everyone) into another race of your choosing.",
  "Changelog": null,
  "Tags": [
    "lala",
    "lalafell",
    "potato",
    "famine",
    "aida"
  ],
  "CategoryTags": null,
  "IsHide": false,
  "InternalName": "PotatoFamine2",
  "AssemblyVersion": "2.0.0.0",
  "TestingAssemblyVersion": null,
  "IsTestingExclusive": false,
  "RepoUrl": "https://github.com/Aida-Enna/XIVPlugins",
  "ApplicableVersion": "any",
  "DalamudApiLevel": 8,
  "DownloadCount": 0,
  "LastUpdate": 0,
  "DownloadLinkInstall": null,
  "DownloadLinkUpdate": null,
  "DownloadLinkTesting": null,
  "LoadRequiredState": 0,
  "LoadSync": false,
  "LoadPriority": 0,
  "CanUnloadAsync": false,
  "ImageUrls": null,
  "IconUrl": "https://raw.githubusercontent.com/Aida-Enna/XIVPlugins/main/PotatoFamine2/Resources/Icons/PotatoFamine2.png",
  "AcceptsFeedback": true,
  "FeedbackMessage": null,
  "_isDip17Plugin": false,
  "_Dip17Channel": null
}