{
  "Author": "Aida Enna",
  "Name": "FATE Auto Sync",
  "InternalName": "FATEAutoSync",
  "AssemblyVersion": "1.1.0.2",
  "Description": "Automatically level syncs your character and activates your tank stance whenever you join a FATE.",
  "ApplicableVersion": "any",
  "RepoUrl": "https://github.com/Aida-Enna/XIVPlugins",
  "Tags": [
    "level",
    "sync",
    "auto",
    "aida"
  ],
  "DalamudApiLevel": 7,
  "LoadPriority": 0,
  "IconUrl": "https://raw.githubusercontent.com/Aida-Enna/XIVPlugins/main/FATEAutoSync/Resources/logo.png",
  "Punchline": "Just waiting till I get banned so square can implement this ingame"
}