{
  "Disabled": false,
  "Testing": false,
  "ScheduledForDeletion": false,
  "InstalledFromUrl": "",
  "IsThirdParty": false,
  "EffectiveVersion": "1.1.0.1",
  "Author": "Aida Enna",
  "Name": "FATE Auto Sync",
  "Punchline": "Just waiting till I get banned so square can implement this ingame",
  "Description": "Automatically level syncs your character and activates your tank stance whenever you join a FATE.",
  "Changelog": null,
  "Tags": [
    "level",
    "sync",
    "auto",
    "aida"
  ],
  "CategoryTags": null,
  "IsHide": false,
  "InternalName": "FATEAutoSync",
  "AssemblyVersion": "1.1.0.1",
  "TestingAssemblyVersion": null,
  "IsTestingExclusive": false,
  "RepoUrl": "https://github.com/Aida-Enna/XIVPlugins",
  "ApplicableVersion": "any",
  "DalamudApiLevel": 7,
  "DownloadCount": 0,
  "LastUpdate": 0,
  "DownloadLinkInstall": null,
  "DownloadLinkUpdate": null,
  "DownloadLinkTesting": null,
  "LoadRequiredState": 0,
  "LoadSync": false,
  "LoadPriority": 0,
  "CanUnloadAsync": false,
  "ImageUrls": null,
  "IconUrl": "https://raw.githubusercontent.com/Aida-Enna/XIVPlugins/main/FATEAutoSync/Resources/logo.png",
  "AcceptsFeedback": true,
  "FeedbackMessage": null,
  "_isDip17Plugin": false,
  "_Dip17Channel": null
}