{
  "Disabled": false,
  "Testing": false,
  "ScheduledForDeletion": false,
  "InstalledFromUrl": "",
  "WorkingPluginId": "cbd37633-1b9d-4845-bf4b-f6789a29944f",
  "IsThirdParty": false,
  "EffectiveVersion": "1.0.0.0",
  "Author": "Aida Enna",
  "Name": "Food Check",
  "Punchline": "Someone in our group wouldn't eat their food. I got tired of telling them to. Now the plugin does.",
  "Description": "See who is missing food buff at countdown start and optionally post to party/echo chat with a customizable message.",
  "Changelog": null,
  "Tags": [
    "food",
    "foodcheck",
    "raid",
    "aida"
  ],
  "CategoryTags": null,
  "IsHide": false,
  "InternalName": "FoodCheck",
  "AssemblyVersion": "1.0.0.0",
  "TestingAssemblyVersion": null,
  "IsTestingExclusive": false,
  "RepoUrl": "https://github.com/Aida-Enna/XIVPlugins",
  "ApplicableVersion": "any",
  "DalamudApiLevel": 9,
  "DownloadCount": 0,
  "LastUpdate": 0,
  "DownloadLinkInstall": null,
  "DownloadLinkUpdate": null,
  "DownloadLinkTesting": null,
  "LoadRequiredState": 0,
  "LoadSync": false,
  "LoadPriority": 0,
  "CanUnloadAsync": false,
  "SupportsProfiles": true,
  "ImageUrls": null,
  "IconUrl": "https://raw.githubusercontent.com/Aida-Enna/XIVPlugins/main/Plogon/Resources/Icons/FoodCheck.png",
  "AcceptsFeedback": true,
  "FeedbackMessage": null,
  "_Dip17Channel": null
}