{
  "Author": "Aida Enna",
  "Name": "Food Check",
  "InternalName": "FoodCheck",
  "AssemblyVersion": "1.0.1.0",
  "Description": "See who is missing food buff at countdown start and optionally post to party/echo chat with a customizable message.",
  "ApplicableVersion": "any",
  "RepoUrl": "https://github.com/Aida-Enna/XIVPlugins",
  "Tags": [
    "food",
    "foodcheck",
    "raid",
    "aida"
  ],
  "DalamudApiLevel": 13,
  "LoadRequiredState": 0,
  "LoadSync": false,
  "CanUnloadAsync": false,
  "LoadPriority": 0,
  "IconUrl": "https://raw.githubusercontent.com/Aida-Enna/XIVPlugins/main/Plogon/Resources/Icons/FoodCheck.png",
  "Punchline": "Someone in our group wouldn't eat their food. I got tired of telling them to. Now the plugin does.",
  "AcceptsFeedback": true
}