{
  "Disabled": false,
  "Testing": false,
  "ScheduledForDeletion": false,
  "InstalledFromUrl": "",
  "WorkingPluginId": "33340c5f-ba4d-4c79-8d4e-e2435260f52a",
  "IsThirdParty": false,
  "EffectiveVersion": "1.0.0.5",
  "Author": "Aida Enna",
  "Name": "Auto Login",
  "Punchline": "Automatically logs you into a specified character when the game first opens.",
  "Description": "Automatically logs you into a specified character when the game first opens.",
  "Changelog": null,
  "Tags": [
    "level",
    "sync",
    "auto",
    "aida"
  ],
  "CategoryTags": null,
  "IsHide": false,
  "InternalName": "AutoLogin",
  "AssemblyVersion": "1.0.0.5",
  "TestingAssemblyVersion": null,
  "IsTestingExclusive": false,
  "RepoUrl": "https://github.com/Aida-Enna/XIVPlugins",
  "ApplicableVersion": "any",
  "DalamudApiLevel": 9,
  "DownloadCount": 0,
  "LastUpdate": 0,
  "DownloadLinkInstall": null,
  "DownloadLinkUpdate": null,
  "DownloadLinkTesting": null,
  "LoadRequiredState": 0,
  "LoadSync": false,
  "LoadPriority": 1,
  "CanUnloadAsync": false,
  "SupportsProfiles": true,
  "ImageUrls": null,
  "IconUrl": "https://raw.githubusercontent.com/Aida-Enna/XIVPlugins/main/Plogon/Resources/Icons/AutoLogin.png",
  "AcceptsFeedback": true,
  "FeedbackMessage": null,
  "_Dip17Channel": null
}