{
  "Author": "Aida Enna",
  "Name": "Auto Login",
  "InternalName": "AutoLogin",
  "AssemblyVersion": "1.0.0.5",
  "Description": "Automatically logs you into a specified character when the game first opens.",
  "ApplicableVersion": "any",
  "RepoUrl": "https://github.com/Aida-Enna/XIVPlugins",
  "Tags": [
    "level",
    "sync",
    "auto",
    "aida"
  ],
  "DalamudApiLevel": 10,
  "LoadRequiredState": 0,
  "LoadSync": false,
  "CanUnloadAsync": false,
  "LoadPriority": 1,
  "IconUrl": "https://raw.githubusercontent.com/Aida-Enna/XIVPlugins/main/Plogon/Resources/Icons/AutoLogin.png",
  "Punchline": "Automatically logs you into a specified character when the game first opens.",
  "AcceptsFeedback": true
}