{
  "Author": "Aida Enna",
  "Name": "Loot Master",
  "InternalName": "LootMaster",
  "AssemblyVersion": "2.0.0.1",
  "Description": "Various commands to need, greed, or pass on all loot.",
  "ApplicableVersion": "any",
  "RepoUrl": "https://github.com/Aida-Enna/XIVPlugins",
  "Tags": [
    "loot",
    "aida"
  ],
  "DalamudApiLevel": 8,
  "LoadRequiredState": 0,
  "LoadSync": false,
  "LoadPriority": 0,
  "IconUrl": "https://raw.githubusercontent.com/Aida-Enna/XIVPlugins/main/LootMaster/Resources/icon.png",
  "Punchline": "Dungeon loot made lazy.",
  "AcceptsFeedback": true
}