{
  "Disabled": false,
  "Testing": false,
  "ScheduledForDeletion": false,
  "InstalledFromUrl": "",
  "WorkingPluginId": "ec584de7-aa1c-46d7-9a19-02decb1ba442",
  "IsThirdParty": false,
  "EffectiveVersion": "1.0.0.5",
  "Author": "Aida Enna",
  "Name": "Loot Master (beta)",
  "Punchline": "Dungeon loot made lazy.",
  "Description": "Automatically roll on loot with various options. Also has commands to need, greed, or pass on all loot.",
  "Changelog": null,
  "Tags": [
    "loot",
    "aida"
  ],
  "CategoryTags": null,
  "IsHide": false,
  "InternalName": "LootMaster",
  "AssemblyVersion": "1.0.0.5",
  "TestingAssemblyVersion": null,
  "IsTestingExclusive": false,
  "RepoUrl": "https://github.com/Aida-Enna/XIVPlugins",
  "ApplicableVersion": "any",
  "DalamudApiLevel": 9,
  "DownloadCount": 0,
  "LastUpdate": 0,
  "DownloadLinkInstall": null,
  "DownloadLinkUpdate": null,
  "DownloadLinkTesting": null,
  "LoadRequiredState": 0,
  "LoadSync": false,
  "LoadPriority": 0,
  "CanUnloadAsync": false,
  "SupportsProfiles": true,
  "ImageUrls": null,
  "IconUrl": "https://raw.githubusercontent.com/Aida-Enna/XIVPlugins/main/Plogon/Resources/Icons/LootMaster.png",
  "AcceptsFeedback": true,
  "FeedbackMessage": null,
  "_Dip17Channel": null
}