{
  "Disabled": false,
  "Testing": false,
  "ScheduledForDeletion": false,
  "InstalledFromUrl": "",
  "IsThirdParty": false,
  "EffectiveVersion": "1.0.0.0",
  "IsAvailableForTesting": false,
  "Author": "Aida Enna",
  "Name": "Loot Master",
  "Punchline": "Dungeon loot made lazy.",
  "Description": "Various commands to need, greed, or pass on all loot.",
  "Changelog": null,
  "Tags": [
    "loot",
    "aida"
  ],
  "CategoryTags": null,
  "IsHide": false,
  "InternalName": "LootMaster",
  "AssemblyVersion": "1.0.0.0",
  "TestingAssemblyVersion": null,
  "IsTestingExclusive": false,
  "RepoUrl": "https://github.com/Aida-Enna/XIVPlugins",
  "ApplicableVersion": "any",
  "DalamudApiLevel": 8,
  "DownloadCount": 0,
  "LastUpdate": 0,
  "DownloadLinkInstall": null,
  "DownloadLinkUpdate": null,
  "DownloadLinkTesting": null,
  "LoadRequiredState": 0,
  "LoadSync": false,
  "LoadPriority": 0,
  "CanUnloadAsync": false,
  "ImageUrls": null,
  "IconUrl": "https://raw.githubusercontent.com/Aida-Enna/XIVPlugins/main/LootMaster/Resources/icon.png",
  "AcceptsFeedback": true,
  "FeedbackMessage": null,
  "_isDip17Plugin": false,
  "_Dip17Channel": null
}