{
  "Author": "Aida Enna",
  "Name": "Auto Pillion",
  "InternalName": "AutoPillion",
  "AssemblyVersion": "1.0.0.0",
  "Description": "When a party member gets on a mount that supports more than 1 person and is close enough, you will automatically get on.\n\nThis plugin is in testing and may have odd issues/errors.\n\nPlease report issues/bugs on the Github website by clicking the globe icon.",
  "ApplicableVersion": "any",
  "RepoUrl": "https://github.com/Aida-Enna/XIVPlugins",
  "Tags": [
    "mount",
    "pillion",
    "aida"
  ],
  "DalamudApiLevel": 10,
  "LoadRequiredState": 0,
  "LoadSync": false,
  "CanUnloadAsync": false,
  "LoadPriority": 0,
  "IconUrl": "https://raw.githubusercontent.com/Aida-Enna/XIVPlugins/main/Plogon/Resources/Icons/AutoPillion.png",
  "Punchline": "Automatically ride on your friend's mounts!",
  "AcceptsFeedback": true
}